Clasa,accuracy,precision,recall,true negative rate
c31,0.948957890259464,0.108108108108108,0.129032258064516,0.976284584980237
c14,0.975329646958741,0.46969696969697,0.574074074074074,0.989934354485777
c15,0.898341131433433,0.89025389025389,0.911912751677852,0.907079646017699
c13,0.952786048490004,0.258620689655172,0.545454545454545,0.988814317673378
c33,0.957039557635049,0.27027027027027,0.119047619047619,0.968020743301642
c41,0.982985963419821,0.904761904761905,0.703703703703704,0.985884428760476
c18,0.934921310080817,0.534883720930233,0.425925925925926,0.958145814581458
c11,0.874096129306678,0.28448275862069,0.336734693877551,0.938650306748466
c21,0.967247979583156,0.333333333333333,0.305084745762712,0.982150631258163
c12,0.977881752445768,0.746666666666667,0.629213483146067,0.985500878734622
c22,0.921735431731178,0.463276836158192,0.47953216374269,0.959061637534499
ecat,0.994045087196938,0.384615384615385,0.454545454545455,0.99743370402053
c17,0.970650786899192,0.692307692307692,0.478723404255319,0.978565179352581
c23,0.993194385367929,0.142857142857143,0.0909090909090909,0.995733788395904
gcat,0.998723947256487,0,0,0.998723947256487
m11,0.999574649085496,0,0,0
Medie,0.959219481071884,0.405258460514728,0.386493369636695,0.91312399769387
